-- ============================================================================
-- Base de datos: bdfacturas_postgres
-- Motor: PostgreSQL 17+
-- Descripción: Sistema de facturación con gestión de usuarios, roles y permisos
-- ============================================================================

-- Crear la base de datos (ejecutar por separado si es necesario)
-- CREATE DATABASE bdfacturas_postgres_local;

-- ============================================================================
-- 1. TABLAS INDEPENDIENTES (sin foreign keys)
-- ============================================================================

-- Personas naturales
CREATE TABLE persona (
    codigo      VARCHAR(20)   NOT NULL,
    nombre      VARCHAR(100)  NOT NULL,
    email       VARCHAR(100)  NOT NULL,
    telefono    VARCHAR(20)   NOT NULL,
    CONSTRAINT persona_pkey PRIMARY KEY (codigo)
);

-- Personas jurídicas
CREATE TABLE empresa (
    codigo      VARCHAR(10)   NOT NULL,
    nombre      VARCHAR(200)  NOT NULL,
    CONSTRAINT empresa_pkey PRIMARY KEY (codigo)
);

-- Catálogo de productos
CREATE TABLE producto (
    codigo          VARCHAR(30)    NOT NULL,
    nombre          VARCHAR(100)   NOT NULL,
    stock           INTEGER        NOT NULL,
    valorunitario   NUMERIC(14,2)  NOT NULL,
    CONSTRAINT producto_pkey PRIMARY KEY (codigo),
    CONSTRAINT producto_stock_check          CHECK (stock >= 0),
    CONSTRAINT producto_valorunitario_check  CHECK (valorunitario >= 0)
);

-- Usuarios del sistema (contraseña encriptada con BCrypt)
CREATE TABLE usuario (
    email       VARCHAR(100)  NOT NULL,
    contrasena  VARCHAR(100)  NOT NULL,
    CONSTRAINT usuario_pkey PRIMARY KEY (email)
);

-- Roles del sistema
CREATE TABLE rol (
    id      SERIAL         NOT NULL,
    nombre  VARCHAR(100)   NOT NULL,
    CONSTRAINT rol_pkey       PRIMARY KEY (id),
    CONSTRAINT rol_nombre_key UNIQUE (nombre)
);

-- Rutas/endpoints protegidos del sistema
CREATE TABLE ruta (
    ruta        VARCHAR(100)  NOT NULL,
    descripcion VARCHAR(255)  NOT NULL,
    CONSTRAINT ruta_pkey PRIMARY KEY (ruta)
);


-- ============================================================================
-- 2. TABLAS CON FOREIGN KEYS
-- ============================================================================

-- Clientes (referencia a persona y/o empresa)
CREATE TABLE cliente (
    id              SERIAL         NOT NULL,
    credito         NUMERIC(14,2)  NOT NULL DEFAULT 0,
    fkcodpersona    VARCHAR(20)    NOT NULL,
    fkcodempresa    VARCHAR(10),
    CONSTRAINT cliente_pkey            PRIMARY KEY (id),
    CONSTRAINT cliente_fkcodpersona_key UNIQUE (fkcodpersona),
    CONSTRAINT cliente_credito_check   CHECK (credito >= 0),
    CONSTRAINT cliente_fkcodpersona_fkey FOREIGN KEY (fkcodpersona) REFERENCES persona(codigo),
    CONSTRAINT cliente_fkcodempresa_fkey FOREIGN KEY (fkcodempresa) REFERENCES empresa(codigo)
);

-- Vendedores (referencia a persona)
CREATE TABLE vendedor (
    id              SERIAL        NOT NULL,
    carnet          INTEGER       NOT NULL,
    direccion       VARCHAR(100)  NOT NULL,
    fkcodpersona    VARCHAR(20)   NOT NULL,
    CONSTRAINT vendedor_pkey            PRIMARY KEY (id),
    CONSTRAINT vendedor_fkcodpersona_key UNIQUE (fkcodpersona),
    CONSTRAINT vendedor_fkcodpersona_fkey FOREIGN KEY (fkcodpersona) REFERENCES persona(codigo)
);

-- Encabezado de factura
CREATE TABLE factura (
    numero          SERIAL          NOT NULL,
    fecha           TIMESTAMP       NOT NULL DEFAULT CURRENT_TIMESTAMP,
    total           NUMERIC(14,2)   NOT NULL DEFAULT 0,
    fkidcliente     INTEGER         NOT NULL,
    fkidvendedor    INTEGER         NOT NULL,
    CONSTRAINT factura_pkey           PRIMARY KEY (numero),
    CONSTRAINT factura_total_check    CHECK (total >= 0),
    CONSTRAINT factura_fkidcliente_fkey  FOREIGN KEY (fkidcliente)  REFERENCES cliente(id),
    CONSTRAINT factura_fkidvendedor_fkey FOREIGN KEY (fkidvendedor) REFERENCES vendedor(id)
);

-- Detalle de factura (productos por factura) — PK compuesta
CREATE TABLE productosporfactura (
    fknumfactura    INTEGER        NOT NULL,
    fkcodproducto   VARCHAR(30)    NOT NULL,
    cantidad        INTEGER        NOT NULL,
    subtotal        NUMERIC(14,2)  NOT NULL DEFAULT 0,
    CONSTRAINT productosporfactura_pkey          PRIMARY KEY (fknumfactura, fkcodproducto),
    CONSTRAINT productosporfactura_cantidad_check CHECK (cantidad > 0),
    CONSTRAINT productosporfactura_subtotal_check CHECK (subtotal >= 0),
    CONSTRAINT productosporfactura_fknumfactura_fkey  FOREIGN KEY (fknumfactura)  REFERENCES factura(numero) ON DELETE CASCADE,
    CONSTRAINT productosporfactura_fkcodproducto_fkey FOREIGN KEY (fkcodproducto) REFERENCES producto(codigo)
);

-- Asignación de roles a usuarios — PK compuesta
CREATE TABLE rol_usuario (
    fkemail     VARCHAR(100)  NOT NULL,
    fkidrol     INTEGER       NOT NULL,
    CONSTRAINT rol_usuario_pkey         PRIMARY KEY (fkemail, fkidrol),
    CONSTRAINT rol_usuario_fkemail_fkey FOREIGN KEY (fkemail) REFERENCES usuario(email) ON UPDATE CASCADE ON DELETE CASCADE,
    CONSTRAINT rol_usuario_fkidrol_fkey FOREIGN KEY (fkidrol) REFERENCES rol(id)
);

-- Permisos: qué rol puede acceder a qué ruta — PK compuesta
CREATE TABLE rutarol (
    ruta    VARCHAR(100)  NOT NULL,
    rol     VARCHAR(100)  NOT NULL,
    CONSTRAINT rutarol_pkey      PRIMARY KEY (ruta, rol),
    CONSTRAINT rutarol_ruta_fkey FOREIGN KEY (ruta) REFERENCES ruta(ruta) ON UPDATE CASCADE ON DELETE CASCADE,
    CONSTRAINT rutarol_rol_fkey  FOREIGN KEY (rol)  REFERENCES rol(nombre) ON UPDATE CASCADE ON DELETE CASCADE
);


-- ============================================================================
-- 3. FUNCIÓN Y TRIGGER (cálculo automático de subtotal, total y stock)
-- ============================================================================

CREATE OR REPLACE FUNCTION actualizar_totales_y_stock()
RETURNS TRIGGER
LANGUAGE plpgsql
AS $$
BEGIN
    IF TG_OP = 'INSERT' THEN
        -- Calcular subtotal = cantidad * valorunitario del producto
        NEW.subtotal := NEW.cantidad * (SELECT valorunitario FROM producto WHERE codigo = NEW.fkcodproducto);
        -- Descontar stock
        UPDATE producto SET stock = stock - NEW.cantidad WHERE codigo = NEW.fkcodproducto;
        -- Actualizar total de la factura
        UPDATE factura
        SET total = (SELECT COALESCE(SUM(subtotal), 0) FROM productosporfactura WHERE fknumfactura = NEW.fknumfactura) + NEW.subtotal
        WHERE numero = NEW.fknumfactura;
        RETURN NEW;
    END IF;

    IF TG_OP = 'UPDATE' THEN
        NEW.subtotal := NEW.cantidad * (SELECT valorunitario FROM producto WHERE codigo = NEW.fkcodproducto);
        -- Ajustar stock: devolver cantidad anterior, descontar nueva
        UPDATE producto SET stock = stock + OLD.cantidad - NEW.cantidad WHERE codigo = NEW.fkcodproducto;
        UPDATE factura
        SET total = (SELECT COALESCE(SUM(subtotal), 0) FROM productosporfactura WHERE fknumfactura = NEW.fknumfactura AND fkcodproducto != NEW.fkcodproducto) + NEW.subtotal
        WHERE numero = NEW.fknumfactura;
        RETURN NEW;
    END IF;

    IF TG_OP = 'DELETE' THEN
        -- Devolver stock
        UPDATE producto SET stock = stock + OLD.cantidad WHERE codigo = OLD.fkcodproducto;
        -- Recalcular total sin el detalle eliminado
        UPDATE factura
        SET total = (SELECT COALESCE(SUM(subtotal), 0) FROM productosporfactura WHERE fknumfactura = OLD.fknumfactura AND fkcodproducto != OLD.fkcodproducto)
        WHERE numero = OLD.fknumfactura;
        RETURN OLD;
    END IF;

    RETURN NULL;
END;
$$;

CREATE TRIGGER trigger_actualizar_totales_y_stock
    BEFORE INSERT OR UPDATE OR DELETE
    ON productosporfactura
    FOR EACH ROW
    EXECUTE FUNCTION actualizar_totales_y_stock();


-- ============================================================================
-- 4. STORED PROCEDURES (operaciones maestro-detalle)
-- ============================================================================

-- ── Persona ↔ Cliente ──────────────────────────────────────────────────

CREATE OR REPLACE PROCEDURE sp_crear_persona_con_cliente(
    IN  p_maestro   JSON,
    IN  p_detalles  JSON,
    INOUT p_resultado JSON DEFAULT NULL
)
LANGUAGE plpgsql
AS $$
DECLARE
    v_codigo_nuevo VARCHAR;
    v_detalle JSON;
    v_cantidad_detalles INTEGER := 0;
BEGIN
    INSERT INTO persona (codigo, nombre, email, telefono)
    VALUES (
        (p_maestro->>'codigo')::VARCHAR,
        (p_maestro->>'nombre')::VARCHAR,
        (p_maestro->>'email')::VARCHAR,
        (p_maestro->>'telefono')::VARCHAR
    )
    RETURNING codigo INTO v_codigo_nuevo;

    FOR v_detalle IN SELECT * FROM json_array_elements(p_detalles)
    LOOP
        INSERT INTO cliente (fkcodpersona, id, credito, fkcodempresa)
        VALUES (
            v_codigo_nuevo,
            (v_detalle->>'id')::INTEGER,
            COALESCE((v_detalle->>'credito')::NUMERIC, 0),
            (v_detalle->>'fkcodempresa')::VARCHAR
        );
        v_cantidad_detalles := v_cantidad_detalles + 1;
    END LOOP;

    p_resultado := json_build_object('exito', true, 'codigo_maestro', v_codigo_nuevo, 'cantidad_detalles', v_cantidad_detalles);
EXCEPTION WHEN OTHERS THEN
    p_resultado := json_build_object('exito', false, 'error', SQLERRM);
END;
$$;


CREATE OR REPLACE PROCEDURE sp_obtener_persona_con_cliente(
    IN  p_codigo  VARCHAR,
    INOUT p_resultado JSON DEFAULT NULL
)
LANGUAGE plpgsql
AS $$
DECLARE
    v_maestro  JSON;
    v_detalles JSON;
BEGIN
    SELECT row_to_json(m) INTO v_maestro FROM persona m WHERE m.codigo = p_codigo;
    IF v_maestro IS NULL THEN
        p_resultado := json_build_object('exito', false, 'error', 'Registro maestro no encontrado');
        RETURN;
    END IF;

    SELECT COALESCE(json_agg(row_to_json(d)), '[]'::json) INTO v_detalles
    FROM cliente d WHERE d.fkcodpersona = p_codigo;

    p_resultado := json_build_object('exito', true, 'maestro', v_maestro, 'detalles', v_detalles);
END;
$$;


CREATE OR REPLACE PROCEDURE sp_actualizar_persona_con_cliente(
    IN  p_codigo   VARCHAR,
    IN  p_maestro   JSON,
    IN  p_detalles  JSON,
    INOUT p_resultado JSON DEFAULT NULL
)
LANGUAGE plpgsql
AS $$
DECLARE
    v_detalle JSON;
    v_cantidad_detalles INTEGER := 0;
BEGIN
    IF NOT EXISTS (SELECT 1 FROM persona WHERE codigo = p_codigo) THEN
        p_resultado := json_build_object('exito', false, 'error', 'Registro maestro no encontrado');
        RETURN;
    END IF;

    UPDATE persona SET
        nombre   = (p_maestro->>'nombre')::VARCHAR,
        email    = (p_maestro->>'email')::VARCHAR,
        telefono = (p_maestro->>'telefono')::VARCHAR
    WHERE codigo = p_codigo;

    DELETE FROM cliente WHERE fkcodpersona = p_codigo;

    FOR v_detalle IN SELECT * FROM json_array_elements(p_detalles)
    LOOP
        INSERT INTO cliente (fkcodpersona, id, credito, fkcodempresa)
        VALUES (
            p_codigo,
            (v_detalle->>'id')::INTEGER,
            (v_detalle->>'credito')::NUMERIC,
            (v_detalle->>'fkcodempresa')::VARCHAR
        );
        v_cantidad_detalles := v_cantidad_detalles + 1;
    END LOOP;

    p_resultado := json_build_object('exito', true, 'mensaje', 'Actualización exitosa', 'cantidad_detalles', v_cantidad_detalles);
EXCEPTION WHEN OTHERS THEN
    p_resultado := json_build_object('exito', false, 'error', SQLERRM);
END;
$$;


CREATE OR REPLACE PROCEDURE sp_eliminar_persona_con_cliente(
    IN  p_codigo  VARCHAR,
    INOUT p_resultado JSON DEFAULT NULL
)
LANGUAGE plpgsql
AS $$
DECLARE
    v_detalles_eliminados INTEGER;
BEGIN
    IF NOT EXISTS (SELECT 1 FROM persona WHERE codigo = p_codigo) THEN
        p_resultado := json_build_object('exito', false, 'error', 'Registro maestro no encontrado');
        RETURN;
    END IF;

    DELETE FROM cliente WHERE fkcodpersona = p_codigo;
    GET DIAGNOSTICS v_detalles_eliminados = ROW_COUNT;

    DELETE FROM persona WHERE codigo = p_codigo;

    p_resultado := json_build_object('exito', true, 'mensaje', 'Eliminación exitosa', 'detalles_eliminados', v_detalles_eliminados);
EXCEPTION WHEN OTHERS THEN
    p_resultado := json_build_object('exito', false, 'error', SQLERRM);
END;
$$;


-- ── Persona ↔ Vendedor ─────────────────────────────────────────────────

CREATE OR REPLACE PROCEDURE sp_crear_persona_con_vendedor(
    IN  p_maestro   JSON,
    IN  p_detalles  JSON,
    INOUT p_resultado JSON DEFAULT NULL
)
LANGUAGE plpgsql
AS $$
DECLARE
    v_codigo_nuevo VARCHAR;
    v_detalle JSON;
    v_cantidad_detalles INTEGER := 0;
BEGIN
    INSERT INTO persona (codigo, nombre, email, telefono)
    VALUES (
        (p_maestro->>'codigo')::VARCHAR,
        (p_maestro->>'nombre')::VARCHAR,
        (p_maestro->>'email')::VARCHAR,
        (p_maestro->>'telefono')::VARCHAR
    )
    RETURNING codigo INTO v_codigo_nuevo;

    FOR v_detalle IN SELECT * FROM json_array_elements(p_detalles)
    LOOP
        INSERT INTO vendedor (fkcodpersona, id, carnet, direccion)
        VALUES (
            v_codigo_nuevo,
            (v_detalle->>'id')::INTEGER,
            (v_detalle->>'carnet')::INTEGER,
            (v_detalle->>'direccion')::VARCHAR
        );
        v_cantidad_detalles := v_cantidad_detalles + 1;
    END LOOP;

    p_resultado := json_build_object('exito', true, 'codigo_maestro', v_codigo_nuevo, 'cantidad_detalles', v_cantidad_detalles);
EXCEPTION WHEN OTHERS THEN
    p_resultado := json_build_object('exito', false, 'error', SQLERRM);
END;
$$;


CREATE OR REPLACE PROCEDURE sp_obtener_persona_con_vendedor(
    IN  p_codigo  VARCHAR,
    INOUT p_resultado JSON DEFAULT NULL
)
LANGUAGE plpgsql
AS $$
DECLARE
    v_maestro  JSON;
    v_detalles JSON;
BEGIN
    SELECT row_to_json(m) INTO v_maestro FROM persona m WHERE m.codigo = p_codigo;
    IF v_maestro IS NULL THEN
        p_resultado := json_build_object('exito', false, 'error', 'Registro maestro no encontrado');
        RETURN;
    END IF;

    SELECT COALESCE(json_agg(row_to_json(d)), '[]'::json) INTO v_detalles
    FROM vendedor d WHERE d.fkcodpersona = p_codigo;

    p_resultado := json_build_object('exito', true, 'maestro', v_maestro, 'detalles', v_detalles);
END;
$$;


CREATE OR REPLACE PROCEDURE sp_actualizar_persona_con_vendedor(
    IN  p_codigo   VARCHAR,
    IN  p_maestro   JSON,
    IN  p_detalles  JSON,
    INOUT p_resultado JSON DEFAULT NULL
)
LANGUAGE plpgsql
AS $$
DECLARE
    v_detalle JSON;
    v_cantidad_detalles INTEGER := 0;
BEGIN
    IF NOT EXISTS (SELECT 1 FROM persona WHERE codigo = p_codigo) THEN
        p_resultado := json_build_object('exito', false, 'error', 'Registro maestro no encontrado');
        RETURN;
    END IF;

    UPDATE persona SET
        nombre   = (p_maestro->>'nombre')::VARCHAR,
        email    = (p_maestro->>'email')::VARCHAR,
        telefono = (p_maestro->>'telefono')::VARCHAR
    WHERE codigo = p_codigo;

    DELETE FROM vendedor WHERE fkcodpersona = p_codigo;

    FOR v_detalle IN SELECT * FROM json_array_elements(p_detalles)
    LOOP
        INSERT INTO vendedor (fkcodpersona, id, carnet, direccion)
        VALUES (
            p_codigo,
            (v_detalle->>'id')::INTEGER,
            (v_detalle->>'carnet')::INTEGER,
            (v_detalle->>'direccion')::VARCHAR
        );
        v_cantidad_detalles := v_cantidad_detalles + 1;
    END LOOP;

    p_resultado := json_build_object('exito', true, 'mensaje', 'Actualización exitosa', 'cantidad_detalles', v_cantidad_detalles);
EXCEPTION WHEN OTHERS THEN
    p_resultado := json_build_object('exito', false, 'error', SQLERRM);
END;
$$;


CREATE OR REPLACE PROCEDURE sp_eliminar_persona_con_vendedor(
    IN  p_codigo  VARCHAR,
    INOUT p_resultado JSON DEFAULT NULL
)
LANGUAGE plpgsql
AS $$
DECLARE
    v_detalles_eliminados INTEGER;
BEGIN
    IF NOT EXISTS (SELECT 1 FROM persona WHERE codigo = p_codigo) THEN
        p_resultado := json_build_object('exito', false, 'error', 'Registro maestro no encontrado');
        RETURN;
    END IF;

    DELETE FROM vendedor WHERE fkcodpersona = p_codigo;
    GET DIAGNOSTICS v_detalles_eliminados = ROW_COUNT;

    DELETE FROM persona WHERE codigo = p_codigo;

    p_resultado := json_build_object('exito', true, 'mensaje', 'Eliminación exitosa', 'detalles_eliminados', v_detalles_eliminados);
EXCEPTION WHEN OTHERS THEN
    p_resultado := json_build_object('exito', false, 'error', SQLERRM);
END;
$$;


-- ── Empresa ↔ Cliente ──────────────────────────────────────────────────

CREATE OR REPLACE PROCEDURE sp_crear_empresa_con_cliente(
    IN  p_maestro   JSON,
    IN  p_detalles  JSON,
    INOUT p_resultado JSON DEFAULT NULL
)
LANGUAGE plpgsql
AS $$
DECLARE
    v_codigo_nuevo VARCHAR;
    v_detalle JSON;
    v_cantidad_detalles INTEGER := 0;
BEGIN
    INSERT INTO empresa (codigo, nombre)
    VALUES (
        (p_maestro->>'codigo')::VARCHAR,
        (p_maestro->>'nombre')::VARCHAR
    )
    RETURNING codigo INTO v_codigo_nuevo;

    FOR v_detalle IN SELECT * FROM json_array_elements(p_detalles)
    LOOP
        INSERT INTO cliente (fkcodempresa, id, credito, fkcodpersona)
        VALUES (
            v_codigo_nuevo,
            (v_detalle->>'id')::INTEGER,
            COALESCE((v_detalle->>'credito')::NUMERIC, 0),
            (v_detalle->>'fkcodpersona')::VARCHAR
        );
        v_cantidad_detalles := v_cantidad_detalles + 1;
    END LOOP;

    p_resultado := json_build_object('exito', true, 'codigo_maestro', v_codigo_nuevo, 'cantidad_detalles', v_cantidad_detalles);
EXCEPTION WHEN OTHERS THEN
    p_resultado := json_build_object('exito', false, 'error', SQLERRM);
END;
$$;


CREATE OR REPLACE PROCEDURE sp_obtener_empresa_con_cliente(
    IN  p_codigo  VARCHAR,
    INOUT p_resultado JSON DEFAULT NULL
)
LANGUAGE plpgsql
AS $$
DECLARE
    v_maestro  JSON;
    v_detalles JSON;
BEGIN
    SELECT row_to_json(m) INTO v_maestro FROM empresa m WHERE m.codigo = p_codigo;
    IF v_maestro IS NULL THEN
        p_resultado := json_build_object('exito', false, 'error', 'Registro maestro no encontrado');
        RETURN;
    END IF;

    SELECT COALESCE(json_agg(row_to_json(d)), '[]'::json) INTO v_detalles
    FROM cliente d WHERE d.fkcodempresa = p_codigo;

    p_resultado := json_build_object('exito', true, 'maestro', v_maestro, 'detalles', v_detalles);
END;
$$;


CREATE OR REPLACE PROCEDURE sp_actualizar_empresa_con_cliente(
    IN  p_codigo   VARCHAR,
    IN  p_maestro   JSON,
    IN  p_detalles  JSON,
    INOUT p_resultado JSON DEFAULT NULL
)
LANGUAGE plpgsql
AS $$
DECLARE
    v_detalle JSON;
    v_cantidad_detalles INTEGER := 0;
BEGIN
    IF NOT EXISTS (SELECT 1 FROM empresa WHERE codigo = p_codigo) THEN
        p_resultado := json_build_object('exito', false, 'error', 'Registro maestro no encontrado');
        RETURN;
    END IF;

    UPDATE empresa SET nombre = (p_maestro->>'nombre')::VARCHAR WHERE codigo = p_codigo;

    DELETE FROM cliente WHERE fkcodempresa = p_codigo;

    FOR v_detalle IN SELECT * FROM json_array_elements(p_detalles)
    LOOP
        INSERT INTO cliente (fkcodempresa, id, credito, fkcodpersona)
        VALUES (
            p_codigo,
            (v_detalle->>'id')::INTEGER,
            (v_detalle->>'credito')::NUMERIC,
            (v_detalle->>'fkcodpersona')::VARCHAR
        );
        v_cantidad_detalles := v_cantidad_detalles + 1;
    END LOOP;

    p_resultado := json_build_object('exito', true, 'mensaje', 'Actualización exitosa', 'cantidad_detalles', v_cantidad_detalles);
EXCEPTION WHEN OTHERS THEN
    p_resultado := json_build_object('exito', false, 'error', SQLERRM);
END;
$$;


CREATE OR REPLACE PROCEDURE sp_eliminar_empresa_con_cliente(
    IN  p_codigo  VARCHAR,
    INOUT p_resultado JSON DEFAULT NULL
)
LANGUAGE plpgsql
AS $$
DECLARE
    v_detalles_eliminados INTEGER;
BEGIN
    IF NOT EXISTS (SELECT 1 FROM empresa WHERE codigo = p_codigo) THEN
        p_resultado := json_build_object('exito', false, 'error', 'Registro maestro no encontrado');
        RETURN;
    END IF;

    DELETE FROM cliente WHERE fkcodempresa = p_codigo;
    GET DIAGNOSTICS v_detalles_eliminados = ROW_COUNT;

    DELETE FROM empresa WHERE codigo = p_codigo;

    p_resultado := json_build_object('exito', true, 'mensaje', 'Eliminación exitosa', 'detalles_eliminados', v_detalles_eliminados);
EXCEPTION WHEN OTHERS THEN
    p_resultado := json_build_object('exito', false, 'error', SQLERRM);
END;
$$;


-- ── Factura ↔ ProductosPorFactura ──────────────────────────────────────

CREATE OR REPLACE PROCEDURE sp_crear_factura_con_productosporfactura(
    IN  p_maestro   JSON,
    IN  p_detalles  JSON,
    INOUT p_resultado JSON DEFAULT NULL
)
LANGUAGE plpgsql
AS $$
DECLARE
    v_numero_nuevo INTEGER;
    v_detalle JSON;
    v_cantidad_detalles INTEGER := 0;
BEGIN
    INSERT INTO factura (fecha, total, fkidcliente, fkidvendedor)
    VALUES (
        COALESCE((p_maestro->>'fecha')::TIMESTAMP, CURRENT_TIMESTAMP),
        COALESCE((p_maestro->>'total')::NUMERIC, 0),
        (p_maestro->>'fkidcliente')::INTEGER,
        (p_maestro->>'fkidvendedor')::INTEGER
    )
    RETURNING numero INTO v_numero_nuevo;

    FOR v_detalle IN SELECT * FROM json_array_elements(p_detalles)
    LOOP
        INSERT INTO productosporfactura (fknumfactura, fkcodproducto, cantidad, subtotal)
        VALUES (
            v_numero_nuevo,
            (v_detalle->>'fkcodproducto')::VARCHAR,
            (v_detalle->>'cantidad')::INTEGER,
            COALESCE((v_detalle->>'subtotal')::NUMERIC, 0)
        );
        v_cantidad_detalles := v_cantidad_detalles + 1;
    END LOOP;

    p_resultado := json_build_object('exito', true, 'numero_maestro', v_numero_nuevo, 'cantidad_detalles', v_cantidad_detalles);
EXCEPTION WHEN OTHERS THEN
    p_resultado := json_build_object('exito', false, 'error', SQLERRM);
END;
$$;


CREATE OR REPLACE PROCEDURE sp_obtener_factura_con_productosporfactura(
    IN  p_numero  INTEGER,
    INOUT p_resultado JSON DEFAULT NULL
)
LANGUAGE plpgsql
AS $$
DECLARE
    v_maestro  JSON;
    v_detalles JSON;
BEGIN
    SELECT row_to_json(m) INTO v_maestro FROM factura m WHERE m.numero = p_numero;
    IF v_maestro IS NULL THEN
        p_resultado := json_build_object('exito', false, 'error', 'Registro maestro no encontrado');
        RETURN;
    END IF;

    SELECT COALESCE(json_agg(row_to_json(d)), '[]'::json) INTO v_detalles
    FROM productosporfactura d WHERE d.fknumfactura = p_numero;

    p_resultado := json_build_object('exito', true, 'maestro', v_maestro, 'detalles', v_detalles);
END;
$$;


CREATE OR REPLACE PROCEDURE sp_actualizar_factura_con_productosporfactura(
    IN  p_numero    INTEGER,
    IN  p_maestro   JSON,
    IN  p_detalles  JSON,
    INOUT p_resultado JSON DEFAULT NULL
)
LANGUAGE plpgsql
AS $$
DECLARE
    v_detalle JSON;
    v_cantidad_detalles INTEGER := 0;
BEGIN
    IF NOT EXISTS (SELECT 1 FROM factura WHERE numero = p_numero) THEN
        p_resultado := json_build_object('exito', false, 'error', 'Registro maestro no encontrado');
        RETURN;
    END IF;

    UPDATE factura SET
        fecha        = (p_maestro->>'fecha')::TIMESTAMP,
        total        = (p_maestro->>'total')::NUMERIC,
        fkidcliente  = (p_maestro->>'fkidcliente')::INTEGER,
        fkidvendedor = (p_maestro->>'fkidvendedor')::INTEGER
    WHERE numero = p_numero;

    DELETE FROM productosporfactura WHERE fknumfactura = p_numero;

    FOR v_detalle IN SELECT * FROM json_array_elements(p_detalles)
    LOOP
        INSERT INTO productosporfactura (fknumfactura, fkcodproducto, cantidad, subtotal)
        VALUES (
            p_numero,
            (v_detalle->>'fkcodproducto')::VARCHAR,
            (v_detalle->>'cantidad')::INTEGER,
            (v_detalle->>'subtotal')::NUMERIC
        );
        v_cantidad_detalles := v_cantidad_detalles + 1;
    END LOOP;

    p_resultado := json_build_object('exito', true, 'mensaje', 'Actualización exitosa', 'cantidad_detalles', v_cantidad_detalles);
EXCEPTION WHEN OTHERS THEN
    p_resultado := json_build_object('exito', false, 'error', SQLERRM);
END;
$$;


CREATE OR REPLACE PROCEDURE sp_eliminar_factura_con_productosporfactura(
    IN  p_numero  INTEGER,
    INOUT p_resultado JSON DEFAULT NULL
)
LANGUAGE plpgsql
AS $$
DECLARE
    v_detalles_eliminados INTEGER;
BEGIN
    IF NOT EXISTS (SELECT 1 FROM factura WHERE numero = p_numero) THEN
        p_resultado := json_build_object('exito', false, 'error', 'Registro maestro no encontrado');
        RETURN;
    END IF;

    DELETE FROM productosporfactura WHERE fknumfactura = p_numero;
    GET DIAGNOSTICS v_detalles_eliminados = ROW_COUNT;

    DELETE FROM factura WHERE numero = p_numero;

    p_resultado := json_build_object('exito', true, 'mensaje', 'Eliminación exitosa', 'detalles_eliminados', v_detalles_eliminados);
EXCEPTION WHEN OTHERS THEN
    p_resultado := json_build_object('exito', false, 'error', SQLERRM);
END;
$$;


-- ── Usuario ↔ RolUsuario ──────────────────────────────────────────────

CREATE OR REPLACE PROCEDURE sp_crear_usuario_con_rol_usuario(
    IN  p_maestro   JSON,
    IN  p_detalles  JSON,
    INOUT p_resultado JSON DEFAULT NULL
)
LANGUAGE plpgsql
AS $$
DECLARE
    v_email_nuevo VARCHAR;
    v_detalle JSON;
    v_cantidad_detalles INTEGER := 0;
BEGIN
    INSERT INTO usuario (email, contrasena)
    VALUES (
        (p_maestro->>'email')::VARCHAR,
        (p_maestro->>'contrasena')::VARCHAR
    )
    RETURNING email INTO v_email_nuevo;

    FOR v_detalle IN SELECT * FROM json_array_elements(p_detalles)
    LOOP
        INSERT INTO rol_usuario (fkemail, fkidrol)
        VALUES (v_email_nuevo, (v_detalle->>'fkidrol')::INTEGER);
        v_cantidad_detalles := v_cantidad_detalles + 1;
    END LOOP;

    p_resultado := json_build_object('exito', true, 'email_maestro', v_email_nuevo, 'cantidad_detalles', v_cantidad_detalles);
EXCEPTION WHEN OTHERS THEN
    p_resultado := json_build_object('exito', false, 'error', SQLERRM);
END;
$$;


CREATE OR REPLACE PROCEDURE sp_obtener_usuario_con_rol_usuario(
    IN  p_email  VARCHAR,
    INOUT p_resultado JSON DEFAULT NULL
)
LANGUAGE plpgsql
AS $$
DECLARE
    v_maestro  JSON;
    v_detalles JSON;
BEGIN
    SELECT row_to_json(m) INTO v_maestro FROM usuario m WHERE m.email = p_email;
    IF v_maestro IS NULL THEN
        p_resultado := json_build_object('exito', false, 'error', 'Registro maestro no encontrado');
        RETURN;
    END IF;

    SELECT COALESCE(json_agg(row_to_json(d)), '[]'::json) INTO v_detalles
    FROM rol_usuario d WHERE d.fkemail = p_email;

    p_resultado := json_build_object('exito', true, 'maestro', v_maestro, 'detalles', v_detalles);
END;
$$;


CREATE OR REPLACE PROCEDURE sp_actualizar_usuario_con_rol_usuario(
    IN  p_email    VARCHAR,
    IN  p_maestro   JSON,
    IN  p_detalles  JSON,
    INOUT p_resultado JSON DEFAULT NULL
)
LANGUAGE plpgsql
AS $$
DECLARE
    v_detalle JSON;
    v_cantidad_detalles INTEGER := 0;
BEGIN
    IF NOT EXISTS (SELECT 1 FROM usuario WHERE email = p_email) THEN
        p_resultado := json_build_object('exito', false, 'error', 'Registro maestro no encontrado');
        RETURN;
    END IF;

    UPDATE usuario SET contrasena = (p_maestro->>'contrasena')::VARCHAR WHERE email = p_email;

    DELETE FROM rol_usuario WHERE fkemail = p_email;

    FOR v_detalle IN SELECT * FROM json_array_elements(p_detalles)
    LOOP
        INSERT INTO rol_usuario (fkemail, fkidrol)
        VALUES (p_email, (v_detalle->>'fkidrol')::INTEGER);
        v_cantidad_detalles := v_cantidad_detalles + 1;
    END LOOP;

    p_resultado := json_build_object('exito', true, 'mensaje', 'Actualización exitosa', 'cantidad_detalles', v_cantidad_detalles);
EXCEPTION WHEN OTHERS THEN
    p_resultado := json_build_object('exito', false, 'error', SQLERRM);
END;
$$;


CREATE OR REPLACE PROCEDURE sp_eliminar_usuario_con_rol_usuario(
    IN  p_email  VARCHAR,
    INOUT p_resultado JSON DEFAULT NULL
)
LANGUAGE plpgsql
AS $$
DECLARE
    v_detalles_eliminados INTEGER;
BEGIN
    IF NOT EXISTS (SELECT 1 FROM usuario WHERE email = p_email) THEN
        p_resultado := json_build_object('exito', false, 'error', 'Registro maestro no encontrado');
        RETURN;
    END IF;

    DELETE FROM rol_usuario WHERE fkemail = p_email;
    GET DIAGNOSTICS v_detalles_eliminados = ROW_COUNT;

    DELETE FROM usuario WHERE email = p_email;

    p_resultado := json_build_object('exito', true, 'mensaje', 'Eliminación exitosa', 'detalles_eliminados', v_detalles_eliminados);
EXCEPTION WHEN OTHERS THEN
    p_resultado := json_build_object('exito', false, 'error', SQLERRM);
END;
$$;


-- ============================================================================
-- 5. DATOS DE EJEMPLO
-- ============================================================================

-- Personas
INSERT INTO persona (codigo, nombre, email, telefono) VALUES
    ('P001', 'Ana Torres',       'ana.torres@correo.com',       '3011111111'),
    ('P002', 'Carlos Pérez',     'carlos.perez@correo.com',     '3022222222'),
    ('P003', 'María Gómez',      'maria.gomez@correo.com',      '3033333333'),
    ('P004', 'Juan Díaz',        'juan.diaz@correo.com',        '3044444444'),
    ('P005', 'Laura Rojas',      'laura.rojas@correo.com',      '3055555555'),
    ('P006', 'Pedro Castillo',   'pedro.castillo@correo.com',   '3066666666');

-- Empresas
INSERT INTO empresa (codigo, nombre) VALUES
    ('E001', 'Comercial Los Andes S.A.'),
    ('E002', 'Distribuciones El Centro S.A.'),
    ('E999', 'Empresa Test');

-- Productos
INSERT INTO producto (codigo, nombre, stock, valorunitario) VALUES
    ('PR001', 'Laptop Lenovo IdeaPad',       20, 2500000.00),
    ('PR002', 'Monitor Samsung 24"',         30, 800000.00),
    ('PR003', 'Teclado Logitech K380',       50, 150000.00),
    ('PR004', 'Mouse HP',                    60, 90000.00),
    ('PR005', 'Impresora Epson EcoTank',     15, 1100000.00),
    ('PR006', 'Auriculares Sony WH-CH510',   25, 240000.00),
    ('PR007', 'Tablet Samsung Tab A9',       18, 950000.00),
    ('PR008', 'Disco Duro Seagate 1TB',      35, 280000.00);

-- Clientes
INSERT INTO cliente (id, credito, fkcodpersona, fkcodempresa) VALUES
    (1, 520000.00,  'P001', 'E001'),
    (2, 250000.00,  'P003', 'E002'),
    (3, 400000.00,  'P005', 'E001'),
    (5, 700000.00,  'P006', 'E001');

-- Vendedores
INSERT INTO vendedor (id, carnet, direccion, fkcodpersona) VALUES
    (1, 1001, 'Calle 10 #5-33',       'P002'),
    (2, 1002, 'Carrera 15 #7-20',     'P004'),
    (3, 1003, 'Avenida 30 #18-09',    'P006');

-- Facturas (el trigger calculará los totales al insertar detalles)
INSERT INTO factura (numero, fecha, total, fkidcliente, fkidvendedor) VALUES
    (1, '2025-12-03 12:57:19', 0, 1, 1),
    (2, '2025-12-03 12:57:19', 0, 2, 2),
    (3, '2025-12-03 12:57:19', 0, 3, 3),
    (4, '2025-12-03 13:04:59', 0, 1, 1),
    (5, '2025-12-03 13:05:17', 0, 2, 2),
    (6, '2025-12-03 13:05:35', 0, 3, 3);

-- Detalle de facturas (el trigger calcula subtotal y actualiza stock y total)
INSERT INTO productosporfactura (fknumfactura, fkcodproducto, cantidad) VALUES
    (1, 'PR001', 2),
    (2, 'PR002', 1),
    (2, 'PR003', 3),
    (3, 'PR004', 5),
    (3, 'PR005', 1),
    (3, 'PR006', 2),
    (4, 'PR007', 1),
    (5, 'PR007', 2),
    (5, 'PR008', 3),
    (6, 'PR001', 1),
    (6, 'PR002', 2),
    (6, 'PR003', 5);

-- Usuarios (algunos con contraseña BCrypt, otros con texto plano para pruebas)
INSERT INTO usuario (email, contrasena) VALUES
    ('admin@correo.com',         '$2a$12$3UgI.Eof.FhzsYUWESI9n.qFaqkV2JPhvW3L/1GTKowNJnGaD8F.G'),
    ('vendedor1@correo.com',     '$2a$12$Dgog4VaHqMzhliPVJy1BcOMd6.izEGNeRDtZ.O7SPmBLc6UVthVTG'),
    ('test_encript@correo.com',  '$2a$11$Ci0J2yBltDgQHfjadgkl0OtbcF5pUf97vTq/4Xr0KEU/86l8ybjBe'),
    ('nuevo@correo.com',         '$2a$11$cmtGBxllwc7MCzpnKVSWuumiOgCaG6PaKWcN1z9N0bjjnkobbFDzO'),
    ('jefe@correo.com',          'jefe123'),
    ('cliente1@correo.com',      'cli123');

-- Roles
INSERT INTO rol (id, nombre) VALUES
    (1, 'Administrador'),
    (2, 'Vendedor'),
    (3, 'Cajero'),
    (4, 'Contador'),
    (5, 'Cliente');

-- Asignación de roles a usuarios
INSERT INTO rol_usuario (fkemail, fkidrol) VALUES
    ('admin@correo.com',         1),
    ('vendedor1@correo.com',     2),
    ('vendedor1@correo.com',     3),
    ('jefe@correo.com',          1),
    ('jefe@correo.com',          3),
    ('jefe@correo.com',          4),
    ('cliente1@correo.com',      5),
    ('test_encript@correo.com',  1),
    ('nuevo@correo.com',         1),
    ('nuevo@correo.com',         2),
    ('nuevo@correo.com',         3);

-- Rutas del sistema
INSERT INTO ruta (ruta, descripcion) VALUES
    ('/home',              'Página principal - Dashboard'),
    ('/usuarios',          'Gestión de usuarios'),
    ('/facturas',          'Gestión de facturas'),
    ('/clientes',          'Gestión de clientes'),
    ('/vendedores',        'Gestión de vendedores'),
    ('/personas',          'Gestión de personas'),
    ('/empresas',          'Gestión de empresas'),
    ('/productos',         'Gestión de productos'),
    ('/roles',             'Gestión de roles'),
    ('/permisos',          'Gestión de permisos (asignación rol-ruta)'),
    ('/permisos/crear',    'Crear permiso (POST)'),
    ('/permisos/eliminar', 'Eliminar permiso (POST)'),
    ('/rutas',             'Gestión de rutas del sistema'),
    ('/rutas/crear',       'Crear ruta (POST)'),
    ('/rutas/eliminar',    'Eliminar ruta (POST)');

-- Permisos: qué rol puede acceder a qué ruta
INSERT INTO rutarol (ruta, rol) VALUES
    -- Administrador: acceso total
    ('/home',              'Administrador'),
    ('/usuarios',          'Administrador'),
    ('/facturas',          'Administrador'),
    ('/clientes',          'Administrador'),
    ('/vendedores',        'Administrador'),
    ('/personas',          'Administrador'),
    ('/empresas',          'Administrador'),
    ('/productos',         'Administrador'),
    ('/roles',             'Administrador'),
    ('/permisos',          'Administrador'),
    ('/permisos/crear',    'Administrador'),
    ('/permisos/eliminar', 'Administrador'),
    ('/rutas',             'Administrador'),
    ('/rutas/crear',       'Administrador'),
    ('/rutas/eliminar',    'Administrador'),
    -- Vendedor
    ('/home',              'Vendedor'),
    ('/facturas',          'Vendedor'),
    ('/clientes',          'Vendedor'),
    -- Cajero
    ('/home',              'Cajero'),
    ('/facturas',          'Cajero'),
    -- Contador
    ('/home',              'Contador'),
    ('/clientes',          'Contador'),
    ('/productos',         'Contador'),
    -- Cliente
    ('/home',              'Cliente'),
    ('/productos',         'Cliente');

-- ============================================================================
-- 6. EJEMPLOS DE USO DE LOS STORED PROCEDURES
-- ============================================================================

-- ── Persona ↔ Cliente ──────────────────────────────────────────────────

-- Crear persona con sus clientes
CALL sp_crear_persona_con_cliente(
    '{"codigo":"P100", "nombre":"Diana López", "email":"diana@correo.com", "telefono":"3101234567"}'::JSON,
    '[{"id":100, "credito":300000, "fkcodempresa":"E001"}]'::JSON,
    NULL
);

-- Obtener persona con sus clientes
CALL sp_obtener_persona_con_cliente('P100', NULL);

-- Actualizar persona y reemplazar sus clientes
CALL sp_actualizar_persona_con_cliente(
    'P100',
    '{"nombre":"Diana López Actualizada", "email":"diana.nueva@correo.com", "telefono":"3109999999"}'::JSON,
    '[{"id":100, "credito":500000, "fkcodempresa":"E002"}]'::JSON,
    NULL
);

-- Eliminar persona con sus clientes
CALL sp_eliminar_persona_con_cliente('P100', NULL);


-- ── Persona ↔ Vendedor ─────────────────────────────────────────────────

-- Crear persona con sus vendedores
CALL sp_crear_persona_con_vendedor(
    '{"codigo":"P200", "nombre":"Ricardo Mora", "email":"ricardo@correo.com", "telefono":"3201234567"}'::JSON,
    '[{"id":100, "carnet":2001, "direccion":"Calle 50 #10-20"}]'::JSON,
    NULL
);

-- Obtener persona con sus vendedores
CALL sp_obtener_persona_con_vendedor('P200', NULL);

-- Actualizar persona y reemplazar sus vendedores
CALL sp_actualizar_persona_con_vendedor(
    'P200',
    '{"nombre":"Ricardo Mora Actualizado", "email":"ricardo.nuevo@correo.com", "telefono":"3209999999"}'::JSON,
    '[{"id":100, "carnet":2002, "direccion":"Avenida 80 #15-30"}]'::JSON,
    NULL
);

-- Eliminar persona con sus vendedores
CALL sp_eliminar_persona_con_vendedor('P200', NULL);


-- ── Empresa ↔ Cliente ──────────────────────────────────────────────────

-- Crear empresa con sus clientes
CALL sp_crear_empresa_con_cliente(
    '{"codigo":"E100", "nombre":"Tech Solutions S.A.S."}'::JSON,
    '[{"id":200, "credito":1000000, "fkcodpersona":"P001"}]'::JSON,
    NULL
);

-- Obtener empresa con sus clientes
CALL sp_obtener_empresa_con_cliente('E100', NULL);

-- Actualizar empresa y reemplazar sus clientes
CALL sp_actualizar_empresa_con_cliente(
    'E100',
    '{"nombre":"Tech Solutions Colombia S.A.S."}'::JSON,
    '[{"id":200, "credito":2000000, "fkcodpersona":"P001"}]'::JSON,
    NULL
);

-- Eliminar empresa con sus clientes
CALL sp_eliminar_empresa_con_cliente('E100', NULL);


-- ── Factura ↔ ProductosPorFactura ──────────────────────────────────────

-- Crear factura con sus detalles (el trigger calcula subtotal y actualiza stock)
CALL sp_crear_factura_con_productosporfactura(
    '{"fecha":"2026-01-15 10:30:00", "total":0, "fkidcliente":1, "fkidvendedor":1}'::JSON,
    '[{"fkcodproducto":"PR003", "cantidad":2, "subtotal":0}, {"fkcodproducto":"PR004", "cantidad":3, "subtotal":0}]'::JSON,
    NULL
);

-- Obtener factura con sus detalles
CALL sp_obtener_factura_con_productosporfactura(7, NULL);

-- Actualizar factura y reemplazar sus detalles
CALL sp_actualizar_factura_con_productosporfactura(
    7,
    '{"fecha":"2026-01-15 11:00:00", "total":0, "fkidcliente":2, "fkidvendedor":2}'::JSON,
    '[{"fkcodproducto":"PR001", "cantidad":1, "subtotal":0}]'::JSON,
    NULL
);

-- Eliminar factura con sus detalles
CALL sp_eliminar_factura_con_productosporfactura(7, NULL);


-- ── Usuario ↔ RolUsuario ──────────────────────────────────────────────

-- Crear usuario con sus roles
CALL sp_crear_usuario_con_rol_usuario(
    '{"email":"ejemplo@correo.com", "contrasena":"miPassword123"}'::JSON,
    '[{"fkidrol":2}, {"fkidrol":3}]'::JSON,
    NULL
);

-- Obtener usuario con sus roles
CALL sp_obtener_usuario_con_rol_usuario('ejemplo@correo.com', NULL);

-- Actualizar usuario y reemplazar sus roles
CALL sp_actualizar_usuario_con_rol_usuario(
    'ejemplo@correo.com',
    '{"contrasena":"nuevoPassword456"}'::JSON,
    '[{"fkidrol":1}]'::JSON,
    NULL
);

-- Eliminar usuario con sus roles
CALL sp_eliminar_usuario_con_rol_usuario('ejemplo@correo.com', NULL);


-- ============================================================================
-- 7. AJUSTAR SECUENCIAS
-- ============================================================================

-- Ajustar secuencias al valor máximo actual
SELECT setval('cliente_id_seq',  (SELECT MAX(id) FROM cliente));
SELECT setval('factura_numero_seq', (SELECT MAX(numero) FROM factura));
SELECT setval('rol_id_seq',      (SELECT MAX(id) FROM rol));
SELECT setval('vendedor_id_seq', (SELECT MAX(id) FROM vendedor));
